# scenario_id	status	covering_tests (semicolon-separated)
APP-001	active	
APP-002	active	
APP-003	active	
APP-004	active	
APP-005	active	
APP-006	active	
APP-007	active	CrispyVibesUITests.UITestPlaceholder/testKeyboardShortcutFocusesSecondProjectDirectly; CrispyVibesUITests.UITestPlaceholder/testSwitchProjectFromRailAndKeyboardShortcut
APP-008	active	
APP-009	active	
APP-010	active	CrispyVibesUnitTests.AppShellModelTests/testInfoPlistIdentityMetadata
APP-011	active	CrispyVibesUnitTests.AppShellModelTests/testInfoPlistIdentityMetadata
APP-012	active	CrispyVibesUnitTests.AppShellModelTests/testAppearancePreferenceMetadata
APP-013	active	CrispyVibesUnitTests.AppShellModelTests/testAppearancePreferenceMetadata
APP-014	active	CrispyVibesUnitTests.AppShellModelTests/testProjectRailPositionMetadata
APP-015	active	CrispyVibesUnitTests.AppShellModelTests/testProjectRailPositionMetadata
APP-016	active	CrispyVibesIntegrationTests.VibeSpaceBehavioralTests/testVibeSpaceSnapshotAndLayoutRoundTripFlow
APP-017	active	CrispyVibesUnitTests.LayoutPersistenceServiceTests/testVibeSpaceRailPersistenceAndClamping
APP-018	active	CrispyVibesUnitTests.LayoutPersistenceServiceTests/testVibeSpaceRailPersistenceAndClamping
APP-019	active	CrispyVibesIntegrationTests.VibeSpaceBehavioralTests/testVibeSpaceAddAndRemoveProjectsFlow; CrispyVibesUnitTests.VibeSpaceStateTests/testAddProjectsResolvesNewDirectoriesAndKeepsMissingPaths
APP-020	active	CrispyVibesUnitTests.VibeSpaceStateTests/testAddProjectsResolvesNewDirectoriesAndKeepsMissingPaths
APP-021	active	CrispyVibesUnitTests.VibeSpaceStateTests/testInitializationDeduplicatesAndTracksUnresolvedPaths; CrispyVibesIntegrationTests.VibeSpaceBehavioralTests/testVibeSpaceAddAndRemoveProjectsFlow
APP-022	active	CrispyVibesUITests.UITestPlaceholder/testVibeSpaceWithNoProjectsShowsAddProjectsCallToAction
APP-023	active	CrispyVibesUITests.UITestPlaceholder/testLaunchWithSeededVibeSpaceRendersProjectShell
APP-024	active	CrispyVibesUITests.UITestPlaceholder/testSingleProjectRailShowsAddProjectsCallToAction
APP-025	active	CrispyVibesUITests.UITestPlaceholder/testProjectRailCardFocusUpdatesFocusedProjectTitle; CrispyVibesUITests.UITestPlaceholder/testSwitchProjectFromRailAndKeyboardShortcut
APP-026	active	
APP-027	active	CrispyVibesUnitTests.VibeSpaceStateTests/testRemoveProjectUpdatesFocusAndPrunesColorTag; CrispyVibesUITests.UITestPlaceholder/testProjectRailCloseButtonRemovesStackedProject
APP-028	active	
APP-029	active	CrispyVibesUnitTests.TerminalViewModelTests/testRestartPaneClearsStateAndCreatesFreshTab; CrispyVibesUITests.UITestPlaceholder/testFocusedProjectRestartAndCloseControls
APP-030	active	CrispyVibesUITests.UITestPlaceholder/testFocusedProjectRestartAndCloseControls; CrispyVibesUnitTests.VibeSpaceStateTests/testRemoveProjectUpdatesFocusAndPrunesColorTag
APP-031	active	
APP-032	active	
APP-033	active	
APP-034	active	CrispyVibesUITests.UITestPlaceholder/testDashboardNavigationRoundTrip; CrispyVibesUITests.UITestPlaceholder/testDashboardShowsVibeSpaceSummaryAndActions
APP-035	active	
APP-036	active	CrispyVibesUnitTests.VibeSpaceStateTests/testReconcileProjectAvailabilityMovesMissingAndRecoversResolved; CrispyVibesIntegrationTests.VibeSpaceBehavioralTests/testVibeSpaceSnapshotAndLayoutRoundTripFlow; CrispyVibesIntegrationTests.VibeSpacePersistenceIntegrationTests/testVibeSpaceCatalogHydrationPerformance
APP-037	active	CrispyVibesUnitTests.VibeSpaceStateTests/testRemoveUnresolvedProjectPrunesAssociatedColorTag
APP-038	active	CrispyVibesUnitTests.VibeSpaceStateTests/testRelinkUnresolvedToExistingProjectMovesColorTag; CrispyVibesUnitTests.VibeSpaceStateTests/testRelinkUnresolvedToMissingReplacementUpdatesTrackedPath; CrispyVibesUnitTests.VibeSpaceStateTests/testRelinkUnresolvedRecoversProjectWhenPathReturns
APP-039	active	CrispyVibesUnitTests.LayoutPersistenceServiceTests/testPaneLayoutPersistenceAndNormalization
APP-040	active	CrispyVibesUnitTests.LayoutPersistenceServiceTests/testPaneLayoutPersistenceAndNormalization; CrispyVibesIntegrationTests.VibeSpaceBehavioralTests/testVibeSpaceSnapshotAndLayoutRoundTripFlow
APP-041	active	CrispyVibesUnitTests.VibeSpaceStateTests/testSnapshotRoundTripRestoresFocusedProjectAndColorTags; CrispyVibesUITests.UITestPlaceholder/testProjectColorPopoverShowsPickerAndCanClearAssignedColor
APP-042	active	CrispyVibesUnitTests.VibeSpaceStateTests/testSnapshotRoundTripRestoresFocusedProjectAndColorTags
APP-043	active	CrispyVibesUITests.UITestPlaceholder/testProjectColorPopoverShowsPickerAndCanClearAssignedColor
APP-044	active	CrispyVibesUITests.UITestPlaceholder/testVibeSpaceSettingsOpensFromDashboardAndShowsCategories
APP-045	active	CrispyVibesUnitTests.TerminalViewModelTests/testEnsureTerminalCountAddsTabsUpToRequestedMinimum; CrispyVibesUnitTests.TerminalViewModelTests/testRunStartupCommandOnPrimaryTabSelectsPrimaryAndSetsCustomName
APP-046	active	CrispyVibesUnitTests.VibeSpaceStateTests/testSnapshotRoundTripRestoresFocusedProjectAndColorTags; CrispyVibesUnitTests.VibeSpaceStateTests/testSetStartupOverrideByProjectPathStoresAndClearsEntry
APP-047	active	CrispyVibesUnitTests.VibeSpaceStateTests/testProjectShortcutsAutoAssignAndPersist
APP-048	active	CrispyVibesUnitTests.VibeSpaceStateTests/testSetShortcutReassignsConflictingSlot
APP-049	active	CrispyVibesUnitTests.VibeSpaceStateTests/testReconcileProjectAvailabilityMovesMissingAndRecoversResolved
APP-050	active	CrispyVibesUITests.UITestPlaceholder/testAppSettingsThemeBuilderSupportsCustomTokenEditing
APP-051	active	CrispyVibesUnitTests.AppShellModelTests/testAppearancePreferenceMetadata; CrispyVibesUnitTests.AppShellModelTests/testCodeFontPreferenceHelpersClampAndResolveValues; CrispyVibesUnitTests.AppShellModelTests/testThemePresetMetadataIncludesExpandedOptions; CrispyVibesUnitTests.FileAndTerminalTabModelTests/testTerminalDisplayDensityFontSizes; CrispyVibesUnitTests.LayoutPersistenceServiceTests/testVibeSpaceFallsBackToGlobalRailDefaultsWhenVibeSpaceLayoutMissing
APP-052	active	CrispyVibesUnitTests.LayoutPersistenceServiceTests/testVibeSpaceCanvasModeAndOrientationPersistence; CrispyVibesUITests.UITestPlaceholder/testTerminalOnlyVibeSpaceViewToggleAndProjectPanesRender
APP-053	active	CrispyVibesUITests.UITestPlaceholder/testTerminalOnlyVibeSpaceViewToggleAndProjectPanesRender
APP-054	active	CrispyVibesUnitTests.LayoutPersistenceServiceTests/testVibeSpaceCanvasModeAndOrientationPersistence
APP-055	active	CrispyVibesUITests.UITestPlaceholder/testKeyboardShortcutFocusesSecondProjectDirectly; CrispyVibesUITests.UITestPlaceholder/testSwitchProjectFromRailAndKeyboardShortcut
APP-056	active	
APP-057	active	CrispyVibesUnitTests.AppShellModelTests/testTerminalTraversalAdjacentTargetCrossesProjectBoundaries; CrispyVibesUnitTests.AppShellModelTests/testTerminalTraversalFallsBackToFirstFocusedTabWhenActiveTabMissing
APP-058	active	CrispyVibesUnitTests.AppShellModelTests/testAppThemePaletteRoundTripAndRoleMutation; CrispyVibesUnitTests.AppShellModelTests/testAppThemePaletteSemanticMappingsUseCentralTokens; CrispyVibesUnitTests.AppShellModelTests/testAppThemeResolverReturnsPackagedPresetPalettes; CrispyVibesUITests.UITestPlaceholder/testAppSettingsThemeBuilderSupportsCustomTokenEditing
APP-059	active	CrispyVibesUITests.UITestPlaceholder/testTitleBarShowsVibeSpaceScopedActionsWhenVibeSpaceIsActive
APP-060	active	CrispyVibesUITests.UITestPlaceholder/testTitleBarShowsVibeSpaceScopedActionsWhenVibeSpaceIsActive
APP-061	active	CrispyVibesUITests.UITestPlaceholder/testTitleBarHidesVibeSpaceScopedActionsWhenNoVibeSpaceIsActive
APP-062	active	CrispyVibesUnitTests.AppShellModelTests/testWindowBackgroundDraggingPolicyAlwaysDisabled
APP-063	active	CrispyVibesUnitTests.VibeSpaceStateTests/testInitializationDeduplicatesAndTracksUnresolvedPaths; CrispyVibesUnitTests.VibeSpaceStateTests/testAddProjectsResolvesNewDirectoriesAndKeepsMissingPaths
APP-064	active	CrispyVibesUnitTests.AppShellModelTests/testAppUpdateScheduleAndVersionComparison
APP-065	active	CrispyVibesUnitTests.AppShellModelTests/testAppUpdateScheduleAndVersionComparison
APP-066	active	CrispyVibesUnitTests.AppShellModelTests/testAppUpdateManifestDecodingAndDecisionFlow
APP-067	active	CrispyVibesUnitTests.AppShellModelTests/testAppUpdateManifestDecodingAndDecisionFlow
APP-068	active	CrispyVibesUnitTests.AppShellModelTests/testAppUpdateFeedDefaultsAndInfoPlistMetadata
APP-069	active	CrispyVibesUnitTests.AppShellModelTests/testAppUpdateManifestRejectsInvalidDownloadURL
APP-070	active	
APP-071	active	
APP-073	active	
APP-072	active	CrispyVibesUnitTests.VibeSpaceManagementServiceTests/testPreservesSSHProjectPaths; CrispyVibesUnitTests.VibeSpaceManagementServiceTests/testLoadVibeSpacePreservesRemoteProjectIdentifiers
APP-078	active	
BRW-001	active	CrispyVibesUITests.BrowserUITests/testDetailedBrowserCanNavigateLocalFixtureAndZoom
BRW-002	active	CrispyVibesUITests.BrowserUITests/testTerminalBoardBrowserSpotlightCanBePinnedToDock
BRW-003	active	CrispyVibesUITests.BrowserUITests/testDetailedBrowserPersistsAcrossRelaunch
BRW-004	active	
BRW-005	active	
BRW-006	active	
BRW-007	active	
BRW-008	active	
BRW-009	active	
BRW-010	active	
BRW-011	active	
BRW-012	active	
EDT-001	active	CrispyVibesUITests.UITestPlaceholder/testExplorerSelectionUpdatesEditorTitle; CrispyVibesUnitTests.MarkdownViewModelTests/testOpenMarkdownEditAndSaveRoundTrip
EDT-002	active	CrispyVibesUnitTests.MarkdownViewModelTests/testOpenMarkdownEditAndSaveRoundTrip; CrispyVibesIntegrationTests.VibeSpacePersistenceIntegrationTests/testWorkerEditorFlowForVibeSpaceFile
EDT-003	active	CrispyVibesUnitTests.MarkdownViewModelTests/testOpenHTMLEditAndSaveRoundTrip
EDT-004	active	CrispyVibesUnitTests.MarkdownViewModelTests/testOpenPlainTextIsEditable; CrispyVibesUnitTests.MarkdownViewModelTests/testOpenCodeFileDetectsLanguageAndUsesEditablePlainTextMode; CrispyVibesUnitTests.MarkdownViewModelTests/testOpenAdditionalCodeFilesDetectLanguageKinds; CrispyVibesUITests.UITestPlaceholder/testSelectingSwiftFileUsesCodeEditorRoute; CrispyVibesUITests.UITestPlaceholder/testSelectingAdditionalLanguageFilesRoutesToCodeEditors
EDT-005	active	CrispyVibesUnitTests.MarkdownViewModelTests/testOpenImageAndPdfSetPreviewURLs; CrispyVibesUnitTests.MarkdownViewModelTests/testOpenSVGSetsImagePreviewURL; CrispyVibesUITests.UITestPlaceholder/testSelectingImageAndSVGFilesShowsPreviewers
EDT-006	active	CrispyVibesUnitTests.MarkdownViewModelTests/testOpenImageAndPdfSetPreviewURLs
EDT-007	active	CrispyVibesUnitTests.MarkdownViewModelTests/testUnsupportedExtensionFallsBackToPlainTextWhenReadable
EDT-008	active	CrispyVibesUnitTests.MarkdownViewModelTests/testOpenMissingUnsupportedFileSetsUnsupportedMessage
EDT-009	active	CrispyVibesUnitTests.MarkdownViewModelTests/testOpenMarkdownEditAndSaveRoundTrip
EDT-010	active	CrispyVibesUnitTests.MarkdownViewModelTests/testMarkdownAutosavePersistsAfterDebounce
EDT-011	active	CrispyVibesUnitTests.MarkdownViewModelTests/testOpenMarkdownEditAndSaveRoundTrip
EDT-012	active	CrispyVibesUnitTests.MarkdownViewModelTests/testOpenMissingMarkdownSetsErrorState
EDT-013	active	CrispyVibesUITests.UITestPlaceholder/testEditorFindAndReplaceKeyboardShortcutsRevealControls
EDT-014	active	CrispyVibesUITests.UITestPlaceholder/testEditorFindAndReplaceKeyboardShortcutsRevealControls
EDT-015	active	
EDT-016	active	
EDT-017	active	
EDT-018	active	CrispyVibesUITests.UITestPlaceholder/testEditorFindAndReplaceKeyboardShortcutsRevealControls
EDT-019	active	CrispyVibesUITests.UITestPlaceholder/testEditorFindAndReplaceKeyboardShortcutsRevealControls
EDT-020	active	CrispyVibesUITests.UITestPlaceholder/testExplorerSelectionUpdatesEditorTitle
EDT-021	active	
EDT-022	active	
EDT-023	active	
EDT-024	active	CrispyVibesUnitTests.MarkdownViewModelTests/testOpenHTMLEditAndSaveRoundTrip
EDT-025	active	
EDT-026	active	
EDT-027	active	
EDT-028	active	CrispyVibesUnitTests.MarkdownViewModelTests/testDefaultTitleWhenNoFileIsSelected
EDT-029	active	
EDT-030	active	
EDT-031	active	CrispyVibesUnitTests.MarkdownViewModelTests/testOpenAdditionalCodeFilesDetectLanguageKinds; CrispyVibesUITests.UITestPlaceholder/testSelectingAdditionalLanguageFilesRoutesToCodeEditors
EDT-032	active	CrispyVibesUnitTests.MarkdownViewModelTests/testOpenRFileUsesSpecializedRDocumentRoute; CrispyVibesUITests.UITestPlaceholder/testSelectingAdditionalLanguageFilesRoutesToCodeEditors
EDT-033	active	CrispyVibesUnitTests.AppShellModelTests/testRasterImagePreviewCenteredInsetsForSmallerImage; CrispyVibesUnitTests.AppShellModelTests/testRasterImagePreviewCenteredInsetsClampToZeroForOversizedScaledImage
EDT-034	active	CrispyVibesUITests.UITestPlaceholder/testSelectingImageAndSVGFilesShowsPreviewers
EDT-035	active	
EDT-036	active	
EDT-037	active	
EDT-038	active	
EDT-039	active	
EDT-040	active	CrispyVibesUnitTests.MarkdownViewModelTests/testExternalReloadKeepsCurrentContentUntilReplacementArrives
EDT-041	active	
EDT-042	active	
EDT-043	active	CrispyVibesUnitTests.MarkdownViewModelTests/testEditorTabLifecycleDeduplicatesAndClosesTabs
EDT-044	active	CrispyVibesUnitTests.MarkdownViewModelTests/testEditorTabLifecycleDeduplicatesAndClosesTabs; CrispyVibesUITests.EditorWorkflowsUITests/testDoubleClickOpensEditorTabAndReusesExistingTabForSameFile
EDT-045	active	CrispyVibesUnitTests.MarkdownViewModelTests/testEditorTabLifecycleDeduplicatesAndClosesTabs; CrispyVibesUITests.EditorWorkflowsUITests/testDoubleClickOpensEditorTabAndReusesExistingTabForSameFile
EDT-046	active	CrispyVibesUnitTests.MarkdownViewModelTests/testEditorTabLifecycleDeduplicatesAndClosesTabs
EDT-047	active	CrispyVibesUnitTests.FolderExplorerViewModelTests/testExplorerOpenRequestDifferentiatesPreviewAndOpenTab
EDT-048	active	
EDT-049	active	CrispyVibesUnitTests.MarkdownViewModelTests/testPreviewGitDiffLoadsDiffContentWhenRepositoryHasChanges
EDT-050	active	CrispyVibesUnitTests.MarkdownViewModelTests/testOpenSuppressesConnectionReadinessErrorsWhenRequested
EDT-051	active	
EDT-052	active	CrispyVibesUnitTests.MarkdownViewModelTests/testRemoteImageOpenMaterializesLocalPreviewFile; CrispyVibesUnitTests.MarkdownViewModelTests/testRemoteImageSaveWritesBackThroughProviderAndUpdatesStagedFile
EDT-053	active	CrispyVibesUnitTests.MarkdownViewModelTests/testRemotePDFOpenMaterializesLocalPreviewFile
SDB-001	active	CrispyVibesUnitTests.FolderExplorerViewModelTests/testSetRootFolderLoadsItemsAndGitState
SDB-002	active	
SDB-003	active	CrispyVibesUITests.UITestPlaceholder/testExplorerSidebarSwitchesBetweenFilesAndGitViews
SDB-004	active	CrispyVibesUITests.UITestPlaceholder/testGitSidebarTabShowsStatusState; CrispyVibesUITests.UITestPlaceholder/testExplorerSidebarSwitchesBetweenFilesAndGitViews
SDB-005	active	CrispyVibesUITests.UITestPlaceholder/testExplorerSidebarSwitchesBetweenFilesAndGitViews
SDB-006	active	CrispyVibesUnitTests.FolderExplorerViewModelTests/testRefreshTreeFailureAndCreateWithoutRootSurfaceErrors
SDB-011	active	
SDB-012	active	
SDB-013	active	
SCM-113	active	CrispyVibesUnitTests.PaneWorkerExecutorTests/testGitCloneRepositoryClonesIntoDestinationDirectoryAndReturnsPath
SDF-001	active	CrispyVibesUnitTests.PaneWorkerExecutorTests/testListTreeSortsAndIncludesHiddenItems
SDF-002	active	CrispyVibesUnitTests.PaneWorkerExecutorTests/testListTreeSortsAndIncludesHiddenItems; CrispyVibesUnitTests.FolderExplorerViewModelTests/testSetRootFolderIncludesDotFoldersAndMarksGitIgnoredEntries; CrispyVibesIntegrationTests.VibeSpaceBehavioralTests/testExplorerBehavioralPropertyShowsHiddenAndMarksIgnoredEntries
SDF-003	active	
SDF-004	active	CrispyVibesUnitTests.FolderExplorerViewModelTests/testCreateRenameDeleteWorkflowAndSelectionMapping
SDF-005	active	CrispyVibesUnitTests.FolderExplorerViewModelTests/testCreateRenameDeleteWorkflowAndSelectionMapping
SDF-006	active	CrispyVibesUnitTests.FolderExplorerViewModelTests/testToggleExpansionLoadsChildrenAndSearchMatchesNestedItems; CrispyVibesUnitTests.AppKitTreeViewCoordinatorTests/testDirectoryClickAndExpandNotificationEmitSingleExpandAction; CrispyVibesUnitTests.AppKitTreeViewCoordinatorTests/testLoadingDirectoryUsesInlineLoadingNode
SDF-007	active	CrispyVibesUnitTests.FolderExplorerViewModelTests/testToggleExpansionLoadsChildrenAndSearchMatchesNestedItems; CrispyVibesUnitTests.FolderExplorerViewModelTests/testCollapsingParentDirectoryClearsExpandedDescendants; CrispyVibesUnitTests.AppKitTreeViewCoordinatorTests/testDirectoryClickAndCollapseNotificationEmitSingleCollapseAction; CrispyVibesUnitTests.AppKitTreeViewCoordinatorTests/testNativeCollapseNotificationWithoutSelectionStillEmitsActionOnce; CrispyVibesUnitTests.AppKitTreeViewCoordinatorTests/testRefreshNodeCacheUpdatesCollapsedDirectoryChildren
SDF-008	active	CrispyVibesUnitTests.FolderExplorerViewModelTests/testToggleExpansionLoadsChildrenAndSearchMatchesNestedItems; CrispyVibesUnitTests.FolderExplorerViewModelTests/testToggleExpansionDoesNothingWhileSearchIsActive; CrispyVibesUnitTests.AppKitTreeViewCoordinatorTests/testSearchQueryTreatsVisibleDirectoriesAsExpandedAndSelectsInsteadOfToggling
SDF-009	active	CrispyVibesUnitTests.FolderExplorerViewModelTests/testToggleExpansionLoadsChildrenAndSearchMatchesNestedItems; CrispyVibesUITests.UITestPlaceholder/testExplorerSearchFiltersAndResetsResults
SDF-010	active	CrispyVibesUnitTests.FolderExplorerViewModelTests/testToggleExpansionLoadsChildrenAndSearchMatchesNestedItems; CrispyVibesUITests.UITestPlaceholder/testExplorerSearchFiltersAndResetsResults
SDF-011	active	CrispyVibesUnitTests.FolderExplorerViewModelTests/testCreateRenameDeleteWorkflowAndSelectionMapping; CrispyVibesUnitTests.PaneWorkerExecutorTests/testExplorerCreateRenameDeleteWorkflow
SDF-012	active	CrispyVibesUnitTests.FolderExplorerViewModelTests/testCreateRenameDeleteWorkflowAndSelectionMapping; CrispyVibesUnitTests.PaneWorkerExecutorTests/testExplorerCreateRenameDeleteWorkflow
SDF-013	active	CrispyVibesUnitTests.FolderExplorerViewModelTests/testCreateRenameDeleteWorkflowAndSelectionMapping
SDF-014	active	CrispyVibesUnitTests.FolderExplorerViewModelTests/testCreateRenameDeleteWorkflowAndSelectionMapping; CrispyVibesUnitTests.PaneWorkerExecutorTests/testExplorerCreateRenameDeleteWorkflow
SDF-015	active	CrispyVibesUnitTests.FolderExplorerViewModelTests/testCreateRenameDeleteWorkflowAndSelectionMapping
SDF-016	active	CrispyVibesUnitTests.FolderExplorerViewModelTests/testCreateRenameDeleteWorkflowAndSelectionMapping; CrispyVibesUnitTests.PaneWorkerExecutorTests/testExplorerCreateRenameDeleteWorkflow
SDF-017	active	
SDF-018	active	
SDF-019	active	CrispyVibesUITests.VibeSpaceAndNavigationUITests/testExplorerCreateButtonsCreateFileAndFolder
SDF-020	active	CrispyVibesUnitTests.FolderExplorerViewModelTests/testMoveItemBetweenDirectoriesUpdatesTreeAndSelection; CrispyVibesUnitTests.PaneWorkerExecutorTests/testExplorerMoveItemMovesFileBetweenDirectories
SDF-021	active	CrispyVibesUnitTests.FolderExplorerViewModelTests/testExplorerOpenRequestDifferentiatesPreviewAndOpenTab; CrispyVibesUITests.EditorWorkflowsUITests/testDoubleClickOpensEditorTabAndReusesExistingTabForSameFile
SDF-022	active	CrispyVibesUnitTests.FolderExplorerViewModelTests/testExplorerOpenRequestDifferentiatesPreviewAndOpenTab
SDF-023	active	CrispyVibesUnitTests.FolderExplorerViewModelTests/testSetRootFolderIncludesDotFoldersAndMarksGitIgnoredEntries; CrispyVibesIntegrationTests.VibeSpaceBehavioralTests/testExplorerBehavioralPropertyShowsHiddenAndMarksIgnoredEntries
SDF-024	active	CrispyVibesUnitTests.ExplorerItemDropPlannerTests/testPlansCopyAcrossProjectBoundaries; CrispyVibesUnitTests.FolderExplorerViewModelTests/testCopyItemBetweenDirectoriesKeepsSourceFileAndRefreshesTree; CrispyVibesUnitTests.PaneWorkerExecutorTests/testExplorerCopyItemCopiesFileBetweenDirectories
SDF-025	active	
SDF-026	active	
SDF-027	active	
SDG-001	active	CrispyVibesUnitTests.FolderExplorerViewModelTests/testSelectGitStatusItemHandlesMissingAndExistingFiles
SDG-002	active	CrispyVibesUnitTests.FolderExplorerViewModelTests/testSelectGitStatusItemHandlesMissingAndExistingFiles
SDG-003	active	CrispyVibesUnitTests.FolderExplorerViewModelTests/testSetRootFolderLoadsItemsAndGitState
SDG-004	active	CrispyVibesUnitTests.PaneWorkerExecutorTests/testGitStatusForNonRepository
SDG-005	active	CrispyVibesUnitTests.PaneWorkerExecutorTests/testGitStatusForNonRepository
SDG-006	active	
SDG-007	active	
SDG-008	active	CrispyVibesUnitTests.PaneWorkerExecutorTests/testGitStatusForRepositoryIncludesEntries
SDG-009	active	CrispyVibesUITests.UITestPlaceholder/testExplorerSidebarSwitchesBetweenFilesAndGitViews
SDG-010	active	CrispyVibesUnitTests.FolderExplorerViewModelTests/testSelectGitStatusItemHandlesMissingAndExistingFiles
SDG-011	active	CrispyVibesUnitTests.PaneWorkerExecutorTests/testGitBranchPayloadAndCheckoutFlow
SDG-012	active	CrispyVibesUnitTests.PaneWorkerExecutorTests/testGitBranchPayloadAndCheckoutFlow; CrispyVibesIntegrationTests.VibeSpaceBehavioralTests/testGitWorkflowBehavioralPropertyForStageCommitPushAndHistory
SDG-013	active	CrispyVibesUnitTests.PaneWorkerExecutorTests/testGitStageAndUnstagePropertyRoundTripAcrossRandomFiles; CrispyVibesIntegrationTests.VibeSpaceBehavioralTests/testGitWorkflowBehavioralPropertyForStageCommitPushAndHistory
SDG-014	active	CrispyVibesIntegrationTests.VibeSpaceBehavioralTests/testGitWorkflowBehavioralPropertyForStageCommitPushAndHistory
SDG-015	active	CrispyVibesIntegrationTests.VibeSpaceBehavioralTests/testGitWorkflowBehavioralPropertyForStageCommitPushAndHistory
SDG-016	active	CrispyVibesIntegrationTests.VibeSpaceBehavioralTests/testGitWorkflowBehavioralPropertyForStageCommitPushAndHistory
SDG-017	active	CrispyVibesIntegrationTests.VibeSpaceBehavioralTests/testGitWorkflowBehavioralPropertyForStageCommitPushAndHistory
SDG-018	active	CrispyVibesIntegrationTests.VibeSpaceBehavioralTests/testGitWorkflowBehavioralPropertyForStageCommitPushAndHistory
TRM-001	active	
TRM-002	active	CrispyVibesUITests.UITestPlaceholder/testTerminalTabCloseUpdatesVisibleTabCount
TRM-003	active	
TRM-004	active	CrispyVibesUnitTests.TerminalViewModelTests/testEnsureActiveTerminalCreatesDefaultTabWhenEmpty
TRM-005	active	CrispyVibesUnitTests.TerminalViewModelTests/testOpenOrSelectTabAvoidsDuplicates
TRM-006	active	CrispyVibesUnitTests.TerminalViewModelTests/testCreateAndCloseTab
TRM-007	active	CrispyVibesUnitTests.TerminalViewModelTests/testCreateAndCloseTab; CrispyVibesUITests.UITestPlaceholder/testTerminalTabCloseUpdatesVisibleTabCount
TRM-008	active	CrispyVibesUnitTests.TerminalViewModelTests/testOpenOrSelectTabAvoidsDuplicates
TRM-009	active	
TRM-010	active	
TRM-011	active	CrispyVibesUnitTests.FileAndTerminalTabModelTests/testTerminalDisplayDensityFontSizes
TRM-012	active	CrispyVibesUnitTests.FileAndTerminalTabModelTests/testTerminalDisplayDensityFontSizes
TRM-013	active	
TRM-014	active	
TRM-015	active	
TRM-016	active	
TRM-017	active	CrispyVibesUnitTests.TerminalViewModelTests/testSessionCallbacksUpdateTabMetadataAndActivity
TRM-018	active	
TRM-019	active	
TRM-020	active	CrispyVibesUnitTests.TerminalViewModelTests/testSessionCallbacksUpdateTabMetadataAndActivity
TRM-021	active	CrispyVibesUnitTests.TerminalViewModelTests/testSessionCallbacksUpdateTabMetadataAndActivity
TRM-022	active	CrispyVibesUnitTests.TerminalViewModelTests/testSessionCallbacksUpdateTabMetadataAndActivity
TRM-023	active	
TRM-024	active	
TRM-025	active	CrispyVibesUnitTests.TerminalViewModelTests/testRestartPaneClearsStateAndCreatesFreshTab; CrispyVibesUITests.UITestPlaceholder/testFocusedProjectRestartAndCloseControls
TRM-026	active	CrispyVibesUnitTests.TerminalViewModelTests/testRestoreTabsDeduplicatesAndSelectsActiveDirectory
TRM-027	active	CrispyVibesUnitTests.TerminalViewModelTests/testRestoreTabsDeduplicatesAndSelectsActiveDirectory
TRM-028	active	CrispyVibesUnitTests.TerminalViewModelTests/testEnsureActiveTerminalCreatesDefaultTabWhenEmpty; CrispyVibesUnitTests.TerminalViewModelTests/testRestoreTabsFallsBackToFirstWhenActiveDirectoryNotPresent
TRM-029	active	CrispyVibesUnitTests.TerminalViewModelTests/testTerminalPresetDefinitions; CrispyVibesUITests.UITestPlaceholder/testTerminalTabCreationAndPresetControls
TRM-030	active	CrispyVibesUnitTests.TerminalViewModelTests/testLaunchPresetSucceedsWhenExecutableExistsOnPath; CrispyVibesUnitTests.TerminalViewModelTests/testLaunchPresetSupportsAbsoluteExecutablePath; CrispyVibesUnitTests.TerminalViewModelTests/testLaunchPresetExecutesCommandInTerminalSession; CrispyVibesUITests.UITestPlaceholder/testTerminalTabCreationAndPresetControls
TRM-031	active	CrispyVibesUnitTests.TerminalViewModelTests/testLaunchPresetRejectsUnsupportedFullTrustMode; CrispyVibesUITests.UITestPlaceholder/testTerminalTabCreationAndPresetControls
TRM-032	active	CrispyVibesUnitTests.TerminalViewModelTests/testLaunchPresetReportsMissingExecutable
TRM-033	active	CrispyVibesUnitTests.FileAndTerminalTabModelTests/testTerminalDisplayDensityFontSizes
TRM-034	active	CrispyVibesUnitTests.TerminalViewModelTests/testEnsureActiveTerminalCreatesDefaultTabWhenEmpty; CrispyVibesUITests.UITestPlaceholder/testTerminalOnlyVibeSpaceViewToggleAndProjectPanesRender
TRM-035	active	CrispyVibesUITests.UITestPlaceholder/testTerminalOnlyVibeSpaceViewToggleAndProjectPanesRender
TRM-036	active	
TRM-037	active	CrispyVibesUnitTests.VibeSpaceShortcutProviderTests/testUpdateLoadsVibeSpaceAndFocusedProjectShortcuts; CrispyVibesUnitTests.VibeSpaceShortcutProviderTests/testProviderReloadsWhenVibeSpaceShortcutsChangeNotificationFires; CrispyVibesUnitTests.VibeSpaceManagementServiceTests/testPersistencePlanBucketsRowsByCurrentTarget
TRM-038	active	CrispyVibesUnitTests.TerminalViewModelTests/testRunShortcutInCurrentTerminalUsesFocusedTabAndQueuesCommand; CrispyVibesUITests.TerminalInteractionUITests/testScopedShortcutCurrentTerminalRunsInFocusedTerminalWithoutAddingTab
TRM-039	active	CrispyVibesUITests.UITestPlaceholder/testTerminalOnlySingleSessionFillsPaneAndSplitsOnNewTab
TRM-040	active	CrispyVibesUITests.UITestPlaceholder/testTerminalSessionDoubleClickTogglesExpandedOverlay
TRM-041	active	CrispyVibesUnitTests.TerminalViewModelTests/testRunShortcutInNewPermanentTerminalCreatesDedicatedTab; CrispyVibesUITests.TerminalInteractionUITests/testScopedShortcutNewPermanentTerminalCreatesDedicatedTabAndRunsCommand
TRM-042	active	CrispyVibesUnitTests.TerminalViewModelTests/testExecuteTerminalShortcutInTemporaryTerminalUsesDelegateWhenAvailable; CrispyVibesUnitTests.TerminalViewModelTests/testExecuteTerminalShortcutInTemporaryTerminalFallsBackToQueuedCommandWhenDelegateMissing; CrispyVibesUITests.TerminalInteractionUITests/testScopedShortcutTemporaryTerminalOpensSpotlightAndRunsCommand
TRM-043	active	CrispyVibesUnitTests.TerminalViewModelTests/testTerminalSessionQueuesCommandUntilRenderableOutputArrives
TRM-044	active	
TRM-045	active	CrispyVibesUnitTests.TerminalInteractiveTargetDetectorTests/testDetectsRelativeFilePathUsingCurrentDirectory; CrispyVibesUnitTests.TerminalInteractiveTargetDetectorTests/testGridReaderDetectsRelativeFileAtClickedColumn; CrispyVibesUnitTests.ContentViewerStoreTests/testResolveFileSystemTargetFromTerminalPreviewsVibeSpaceFilesWithLineAndColumn; CrispyVibesUnitTests.MarkdownViewModelTests/testOpenFileInTabRegistersPendingSourceSelection; CrispyVibesUnitTests.MarkdownViewModelTests/testOpenFileInTabUpdatesPendingSourceSelectionForExistingTab
TRM-046	active	CrispyVibesUnitTests.ContentViewerStoreTests/testResolveFileSystemTargetFromTerminalRevealsDirectoriesInFinder
TRM-047	active	
TRM-048	active	
TRM-049	active	CrispyVibesUnitTests.TerminalViewModelTests/testRunShortcutCreatesTerminalWhenNoTabsExist
TRM-050	active	CrispyVibesUnitTests.AppShellStoreShortcutRoutingTests/testPresentVibeSpaceSettingsForActiveVibeSpaceCanOpenShortcutsCategory
TRM-051	active	CrispyVibesUnitTests.VibeSpaceManagementServiceTests/testPersistencePlanBucketsRowsByCurrentTarget; CrispyVibesUnitTests.VibeSpaceManagementServiceTests/testPersistencePlanDropsRemovedProjectRows
TRM-052	active	
TRM-053	active	
TRM-054	active	
TRM-055	active	
TRM-056	active	CrispyVibesUnitTests.RemoteProjectSessionTests/testInitRestoresPersistedRemoteTerminalEntriesFromRemoteIdentifier; CrispyVibesUnitTests.RemoteProjectSessionTests/testInitSeedsStableRemoteTmuxSessionAndPersistsItWhenNoEntriesExist; CrispyVibesUnitTests.RemoteProjectSessionTests/testMakeSSHLaunchInvocationPrefersTmuxWhenSessionNameExistsBeforeProbeCompletes
TRM-057	active	CrispyVibesUnitTests.RemoteProjectSessionTests/testReconnectRestartPlanRestartsAllTabsAndPreservesActiveSelection; CrispyVibesUnitTests.RemoteProjectSessionTests/testConnectionTransitionDecisionLatchesReconnectAcrossConnectingState; CrispyVibesUnitTests.RemoteProjectSessionTests/testConnectionTransitionDecisionTreatsFailedStateAsReconnectBoundary
TRM-058	active	
TRM-059	active	
TRM-060	active	
TRM-061	active	
TXT-001	active	CrispyVibesUnitTests.DiagnosticsTests/testAppDelegateRegistersServicesOnLaunchCallbacks
TXT-002	active	CrispyVibesUnitTests.TextProcessorServiceTests/testInfoPlistRegistersTextServicesAndPortName
TXT-003	active	CrispyVibesUnitTests.TextProcessorServiceTests/testInfoPlistRegistersTextServicesAndPortName
TXT-004	active	CrispyVibesUnitTests.TextProcessorServiceTests/testRephraseMissingInputSetsErrorMessage
TXT-005	active	CrispyVibesUnitTests.TextProcessorServiceTests/testRephraseUsesConfiguredAgentAndWritesResponse
TXT-006	active	CrispyVibesUnitTests.TextProcessorServiceTests/testResearchCommandFailurePropagatesExitCodeAndDetails; CrispyVibesUnitTests.TextProcessorServiceTests/testResearchEmptyResponseReportsFriendlyError
TXT-007	active	CrispyVibesUnitTests.TextProcessorServiceTests/testRephraseUsesConfiguredAgentAndWritesResponse; CrispyVibesUnitTests.TextProcessorServiceTests/testRephraseUsesConfiguredCLICommandFromAppSettings; CrispyVibesUnitTests.TextProcessorServiceTests/testRephraseAllowsEmptyCLIArgumentsWithoutFallingBackToDefaults
TXT-008	active	CrispyVibesUnitTests.TextProcessorServiceTests/testRephraseUsesConfiguredAgentAndWritesResponse; CrispyVibesUnitTests.TextProcessorServiceTests/testRephraseFallsBackToDefaultAgentWhenNotConfigured; CrispyVibesUnitTests.TextProcessorServiceTests/testRephraseFallsBackToUserDefaultsAgentWhenEnvironmentMissing; CrispyVibesUnitTests.TextProcessorServiceTests/testRephraseCanDisableAgentFlagForAlternativeCLIs
TXT-009	active	CrispyVibesUnitTests.TextProcessorServiceTests/testRephraseRetriesWithoutAgentWhenPreferredAgentFails
TXT-010	active	
TXT-011	active	CrispyVibesUnitTests.TextProcessorServiceTests/testRephraseUsesConfiguredAgentAndWritesResponse
TXT-012	active	CrispyVibesUnitTests.TextProcessorServiceTests/testRephraseUsesConfiguredAgentAndWritesResponse
TXT-013	active	CrispyVibesUnitTests.TextProcessorServiceTests/testRephraseUsesConfiguredAgentAndWritesResponse
TXT-014	active	CrispyVibesUnitTests.TextProcessorServiceTests/testResearchCommandFailurePropagatesExitCodeAndDetails; CrispyVibesUnitTests.TextProcessorServiceTests/testResearchEmptyResponseReportsFriendlyError
TXT-015	active	CrispyVibesUnitTests.TextProcessorServiceTests/testRephrasePromptTemplateSupportsPlaceholder
WRK-001	active	CrispyVibesIntegrationTests.VibeSpacePersistenceIntegrationTests/testWorkerEditorFlowForVibeSpaceFile
WRK-002	active	
WRK-003	active	
WRK-004	active	CrispyVibesUnitTests.PaneWorkerExecutorTests/testPaneWorkerStatusHelpersProvideUserFacingStates
WRK-005	active	CrispyVibesUnitTests.PaneWorkerExecutorTests/testListTreeSortsAndIncludesHiddenItems; CrispyVibesIntegrationTests.VibeSpaceBehavioralTests/testExplorerBehavioralPropertyShowsHiddenAndMarksIgnoredEntries
WRK-006	active	CrispyVibesUnitTests.PaneWorkerExecutorTests/testExplorerCreateRenameDeleteWorkflow
WRK-007	active	CrispyVibesUnitTests.PaneWorkerExecutorTests/testExplorerCreateRenameDeleteWorkflow
WRK-008	active	CrispyVibesUnitTests.PaneWorkerExecutorTests/testExplorerCreateRenameDeleteWorkflow
WRK-009	active	CrispyVibesUnitTests.PaneWorkerExecutorTests/testExplorerCreateRenameDeleteWorkflow
WRK-010	active	CrispyVibesUnitTests.PaneWorkerExecutorTests/testGitStatusForNonRepository
WRK-011	active	CrispyVibesUnitTests.PaneWorkerExecutorTests/testGitStatusForNonRepository
WRK-012	active	CrispyVibesUnitTests.PaneWorkerExecutorTests/testGitStatusForRepositoryIncludesEntries; CrispyVibesUnitTests.PaneWorkerExecutorTests/testGitStatusParserPropertyRetainsStatusAndPathSignals
WRK-013	active	CrispyVibesUnitTests.PaneWorkerExecutorTests/testGitStatusForRepositoryIncludesEntries
WRK-014	active	CrispyVibesUnitTests.PaneWorkerExecutorTests/testEditorWriteThenReadRoundTrip; CrispyVibesIntegrationTests.VibeSpacePersistenceIntegrationTests/testWorkerEditorFlowForVibeSpaceFile
WRK-015	active	CrispyVibesUnitTests.PaneWorkerExecutorTests/testEditorWriteThenReadRoundTrip; CrispyVibesIntegrationTests.VibeSpacePersistenceIntegrationTests/testWorkerEditorFlowForVibeSpaceFile
WRK-016	active	CrispyVibesUnitTests.PaneWorkerExecutorTests/testPingForAllWorkerKindsReturnsValue
WRK-017	active	CrispyVibesUnitTests.PaneWorkerExecutorTests/testPingForAllWorkerKindsReturnsValue
WRK-018	active	CrispyVibesUnitTests.PaneWorkerExecutorTests/testUnsupportedMethodsAndMissingArgumentsReturnFailures
WRK-019	active	CrispyVibesUnitTests.PaneWorkerExecutorTests/testExplorerMoveItemMovesFileBetweenDirectories
WRK-020	active	CrispyVibesUnitTests.PaneWorkerExecutorTests/testGitDiffReturnsTextForChangedFile
WRK-021	active	CrispyVibesUnitTests.PaneWorkerExecutorTests/testGitBranchPayloadAndCheckoutFlow
WRK-022	active	CrispyVibesUnitTests.PaneWorkerExecutorTests/testGitStageAndUnstagePropertyRoundTripAcrossRandomFiles
WRK-023	active	CrispyVibesUnitTests.PaneWorkerExecutorTests/testGitStageAndUnstagePropertyRoundTripAcrossRandomFiles
WRK-024	active	CrispyVibesIntegrationTests.VibeSpaceBehavioralTests/testGitWorkflowBehavioralPropertyForStageCommitPushAndHistory
WRK-025	active	CrispyVibesIntegrationTests.VibeSpaceBehavioralTests/testGitWorkflowBehavioralPropertyForStageCommitPushAndHistory
WRK-026	active	CrispyVibesIntegrationTests.VibeSpaceBehavioralTests/testGitWorkflowBehavioralPropertyForStageCommitPushAndHistory
WRK-027	active	CrispyVibesUnitTests.PaneWorkerExecutorTests/testGitBranchPayloadAndCheckoutFlow; CrispyVibesIntegrationTests.VibeSpaceBehavioralTests/testGitWorkflowBehavioralPropertyForStageCommitPushAndHistory
WRK-028	active	CrispyVibesUnitTests.PaneWorkerExecutorTests/testGitHistoryParserPropertyPreservesGeneratedEntries; CrispyVibesIntegrationTests.VibeSpaceBehavioralTests/testGitWorkflowBehavioralPropertyForStageCommitPushAndHistory
WRK-029	active	CrispyVibesUnitTests.PaneWorkerExecutorTests/testGitHistoryParserPropertyPreservesGeneratedEntries; CrispyVibesIntegrationTests.VibeSpaceBehavioralTests/testGitWorkflowBehavioralPropertyForStageCommitPushAndHistory
WRK-030	active	
WRK-031	active	CrispyVibesUnitTests.MarkdownViewModelTests/testRemoteImageOpenMaterializesLocalPreviewFile; CrispyVibesUnitTests.MarkdownViewModelTests/testRemoteImageSaveWritesBackThroughProviderAndUpdatesStagedFile; CrispyVibesUnitTests.MarkdownViewModelTests/testRemotePDFOpenMaterializesLocalPreviewFile
DCK-001	active	
DCK-002	active	
DCK-003	active	
DCK-004	active	
DCK-005	active	
DCK-006	active	
DCK-007	active	CrispyVibesUITests.BrowserUITests/testTerminalBoardBrowserSpotlightCanBePinnedToDock
DCK-008	active	
DCK-009	active	
DCK-009a	active	
DCK-010	active	
DCK-011	active	CrispyVibesUITests.BrowserUITests/testDetailedBrowserPersistsAcrossRelaunch
DCK-012	active	
DCK-013	active	
DCK-014	active	
DCK-015	active	
DCK-015a	active	
DCK-015b	active	
DCK-016	active	
DCK-017	active	
DCK-018	active	
TMUX-001	active	
TMUX-002	active	
TMUX-003	active	
TMUX-004	active	
TMUX-005	active	
TMUX-006	active	
TMUX-007	active	
TMUX-008	active	
TMUX-009	active	
TMUX-010	active	
TMUX-011	active	
TMUX-012	active	
TMUX-013	active	
TMUX-014	active	
TMUX-015	active	
TMUX-016	active	
TMUX-017	active	
TMUX-018	active	
TMUX-019	active	
TMUX-020	active	
TMUX-021	active	
TMUX-022	active	
TMUX-023	active	
TMUX-024	active	
TMUX-025	active	
TMUX-026	active	
TMUX-027	active	
TMUX-028	active	
TMUX-029	active	CrispyVibesUnitTests.VibeSpaceSidebarSessionBrowserTests/testParseFallbackRemoteSessionsReturnsVisibleRemoteSessions; CrispyVibesUnitTests.VibeSpaceSidebarSessionBrowserTests/testParseDetailedRemoteSessionsReturnsRichRemoteMetadata
TMUX-030	active	CrispyVibesUnitTests.VibeSpaceSidebarSessionBrowserTests/testResolveDisplayTitlePrefersMatchingTabTitle; CrispyVibesUnitTests.VibeSpaceSidebarSessionBrowserTests/testResolveDisplayTitleUsesOwningProjectForCrispyVibesSessionWithoutMatchingTab; CrispyVibesUnitTests.VibeSpaceSidebarSessionBrowserTests/testResolveDisplayTitleUsesGenericProjectTerminalForUnownedCrispyVibesSession; CrispyVibesUnitTests.VibeSpaceSidebarSessionBrowserTests/testResolveDisplayTitleDoesNotBorrowProjectNameForNonCrispyVibesSession
TMUX-031	active	
TMUX-032	active	
TMUX-033	active	CrispyVibesUnitTests.RemoteProjectSessionTests/testInitRestoresPersistedRemoteTerminalEntriesFromRemoteIdentifier; CrispyVibesUnitTests.RemoteProjectSessionTests/testInitSeedsStableRemoteTmuxSessionAndPersistsItWhenNoEntriesExist; CrispyVibesUnitTests.TerminalViewModelTests/testCreateTabLetsSessionConfiguratorSetTmuxNameBeforeDefaultGeneration
TMUX-034	active	CrispyVibesUnitTests.RemoteProjectSessionTests/testReconnectRestartPlanRestartsAllTabsAndPreservesActiveSelection; CrispyVibesUnitTests.RemoteProjectSessionTests/testConnectionTransitionDecisionLatchesReconnectAcrossConnectingState; CrispyVibesUnitTests.RemoteProjectSessionTests/testConnectionTransitionDecisionTreatsFailedStateAsReconnectBoundary
